model,product_threshold,none_threshold,mean_order_f1
frequency,0.1,0.05,0.27219151967250593
frequency,0.1,0.1,0.2718282176039027
frequency,0.1,0.2,0.27137394324138964
frequency,0.1,0.35,0.2711052514457563
frequency,0.1,0.5,0.2711052514457563
frequency,0.1,1.1,0.2711052514457563
frequency,0.12,0.05,0.28536344025919647
frequency,0.12,0.1,0.2850193330638284
frequency,0.12,0.2,0.28456728646533713
frequency,0.12,0.35,0.2842963566482599
frequency,0.12,0.5,0.2842963566482599
frequency,0.12,1.1,0.2842963566482599
frequency,0.14,0.05,0.29428609568493036
frequency,0.14,0.1,0.29386589884087283
frequency,0.14,0.2,0.293473604475177
frequency,0.14,0.35,0.2931787272787679
frequency,0.14,0.5,0.2931787272787679
frequency,0.14,1.1,0.2931787272787679
frequency,0.16,0.05,0.30404624202673664
frequency,0.16,0.1,0.3036441703846344
frequency,0.16,0.2,0.3032157779301007
frequency,0.16,0.35,0.3029066285355157
frequency,0.16,0.5,0.3029066285355157
frequency,0.16,1.1,0.3029066285355157
frequency,0.18,0.05,0.31281747091080814
frequency,0.18,0.1,0.31243024337569913
frequency,0.18,0.2,0.3119768733582715
frequency,0.18,0.35,0.31159634922574675
frequency,0.18,0.5,0.31159634922574675
frequency,0.18,1.1,0.31159634922574675
frequency,0.2,0.05,0.31412294494615606
frequency,0.2,0.1,0.3137898835786954
frequency,0.2,0.2,0.3133983010992386
frequency,0.2,0.35,0.313020317423488
frequency,0.2,0.5,0.313020317423488
frequency,0.2,1.1,0.313020317423488
frequency,0.22,0.05,0.32194905315570926
frequency,0.22,0.1,0.32153356749900724
frequency,0.22,0.2,0.3210511611519565
frequency,0.22,0.35,0.3206639229551001
frequency,0.22,0.5,0.3206639229551001
frequency,0.22,1.1,0.3206639229551001
frequency,0.24,0.05,0.321707719167766
frequency,0.24,0.1,0.3213233925983164
frequency,0.24,0.2,0.32080623643181944
frequency,0.24,0.35,0.3204177280065761
frequency,0.24,0.5,0.3204177280065761
frequency,0.24,1.1,0.3204177280065761
frequency,0.26,0.05,0.32888275353656193
frequency,0.26,0.1,0.32841184248147287
frequency,0.26,0.2,0.32784132847448305
frequency,0.26,0.35,0.32752667475688746
frequency,0.26,0.5,0.32752667475688746
frequency,0.26,1.1,0.32752667475688746
frequency,0.28,0.05,0.32712016605183514
frequency,0.28,0.1,0.326652672515978
frequency,0.28,0.2,0.32607834782382694
frequency,0.28,0.35,0.32576369410623135
frequency,0.28,0.5,0.32576369410623135
frequency,0.28,1.1,0.32576369410623135
frequency,0.3,0.05,0.32519116411989923
frequency,0.3,0.1,0.32470513129829753
frequency,0.3,0.2,0.3241424201228281
frequency,0.3,0.35,0.32387730531232806
frequency,0.3,0.5,0.32387730531232806
frequency,0.3,1.1,0.32387730531232806
frequency,0.32,0.05,0.3208645817477564
frequency,0.32,0.1,0.32035332581961157
frequency,0.32,0.2,0.3197476083401801
frequency,0.32,0.35,0.31948249352968006
frequency,0.32,0.5,0.31948249352968006
frequency,0.32,1.1,0.31948249352968006
frequency,0.34,0.05,0.3245415311859943
frequency,0.34,0.1,0.32406634479510027
frequency,0.34,0.2,0.32364009244064135
frequency,0.34,0.35,0.3234432070406464
frequency,0.34,0.5,0.3234432070406464
frequency,0.34,1.1,0.3234432070406464
frequency,0.36,0.05,0.32089087124275034
frequency,0.36,0.1,0.32040153087840045
frequency,0.36,0.2,0.32002354720264986
frequency,0.36,0.35,0.3198266618026549
frequency,0.36,0.5,0.3198266618026549
frequency,0.36,1.1,0.3198266618026549
frequency,0.38,0.05,0.3145021744600903
frequency,0.38,0.1,0.31401718916449606
frequency,0.38,0.2,0.31365190777261615
frequency,0.38,0.35,0.3134550223726212
frequency,0.38,0.5,0.3134550223726212
frequency,0.38,1.1,0.3134550223726212
frequency,0.4,0.05,0.3111126803988624
frequency,0.4,0.1,0.31069438209358907
frequency,0.4,0.2,0.31031766864622556
frequency,0.4,0.35,0.31012713438816597
frequency,0.4,0.5,0.31012713438816597
frequency,0.4,1.1,0.31012713438816597
frequency,0.42,0.05,0.3024723409612933
frequency,0.42,0.1,0.3021964896965692
frequency,0.42,0.2,0.30196276767334945
frequency,0.42,0.35,0.3017468288475486
frequency,0.42,0.5,0.3017468288475486
frequency,0.42,1.1,0.3017468288475486
frequency,0.44,0.05,0.29645487060171527
frequency,0.44,0.1,0.2962797303019656
frequency,0.44,0.2,0.2960383869084234
frequency,0.44,0.35,0.29579704351488123
frequency,0.44,0.5,0.29579704351488123
frequency,0.44,1.1,0.29579704351488123
frequency,0.46,0.05,0.2903320059377444
frequency,0.46,0.1,0.290139294145307
frequency,0.46,0.2,0.2898852484678942
frequency,0.46,0.35,0.289662958500158
frequency,0.46,0.5,0.289662958500158
frequency,0.46,1.1,0.289662958500158
frequency,0.48,0.05,0.28515508690549174
frequency,0.48,0.1,0.28497126671176376
frequency,0.48,0.2,0.28471722103435093
frequency,0.48,0.35,0.2844949310666148
frequency,0.48,0.5,0.2844949310666148
frequency,0.48,1.1,0.2844949310666148
frequency,0.5,0.05,0.2837936781332699
frequency,0.5,0.1,0.283608769172353
frequency,0.5,0.2,0.28335472349494023
frequency,0.5,0.35,0.283132433527204
frequency,0.5,0.5,0.283132433527204
frequency,0.5,1.1,0.283132433527204
logistic,0.1,0.05,0.32955427210493354
logistic,0.1,0.1,0.3295013614589598
logistic,0.1,0.2,0.32846491486487256
logistic,0.1,0.35,0.3266467683834786
logistic,0.1,0.5,0.32508423624972477
logistic,0.1,1.1,0.32411160422763
logistic,0.12,0.05,0.3475833204963986
logistic,0.12,0.1,0.34738063977604927
logistic,0.12,0.2,0.3464446835925555
logistic,0.12,0.35,0.3444068506500659
logistic,0.12,0.5,0.34303881467719793
logistic,0.12,1.1,0.34250404852624394
logistic,0.14,0.05,0.3593517872532077
logistic,0.14,0.1,0.35912984380601065
logistic,0.14,0.2,0.3580196240431035
logistic,0.14,0.35,0.3565118629476585
logistic,0.14,0.5,0.35550366453072596
logistic,0.14,1.1,0.3552356463410555
logistic,0.16,0.05,0.36403747485063387
logistic,0.16,0.1,0.3639842380900197
logistic,0.16,0.2,0.3629779299001216
logistic,0.16,0.35,0.3614830223062124
logistic,0.16,0.5,0.3605098459005232
logistic,0.16,1.1,0.3602240445134338
logistic,0.18,0.05,0.3642851910833234
logistic,0.18,0.1,0.3643769554613464
logistic,0.18,0.2,0.3635713440906104
logistic,0.18,0.35,0.3621820689093225
logistic,0.18,0.5,0.3611925609957996
logistic,0.18,1.1,0.3609601092009669
logistic,0.2,0.05,0.36158415442322167
logistic,0.2,0.1,0.36174459361650896
logistic,0.2,0.2,0.36125719433709685
logistic,0.2,0.35,0.35996887756787166
logistic,0.2,0.5,0.3589552353149946
logistic,0.2,1.1,0.35877994379757977
logistic,0.22,0.05,0.3559720596278679
logistic,0.22,0.1,0.35632771807742153
logistic,0.22,0.2,0.3559998094441247
logistic,0.22,0.35,0.3547904612890407
logistic,0.22,0.5,0.35388478844906407
logistic,0.22,1.1,0.3537793594929377
logistic,0.24,0.05,0.34917018280327966
logistic,0.24,0.1,0.34979785603022123
logistic,0.24,0.2,0.3495299368193861
logistic,0.24,0.35,0.3485499556187663
logistic,0.24,0.5,0.3476506339207249
logistic,0.24,1.1,0.34763412095169305
logistic,0.26,0.05,0.3404228899238234
logistic,0.26,0.1,0.34116942340795314
logistic,0.26,0.2,0.34126277144734185
logistic,0.26,0.35,0.3402763181306545
logistic,0.26,0.5,0.33945575059261124
logistic,0.26,1.1,0.33945193990745004
logistic,0.28,0.05,0.3321742314151713
logistic,0.28,0.1,0.3329808046571534
logistic,0.28,0.2,0.3333534572228553
logistic,0.28,0.35,0.3325637985755639
logistic,0.28,0.5,0.3319629805484826
logistic,0.28,1.1,0.33198457443106266
logistic,0.3,0.05,0.3221880979632518
logistic,0.3,0.1,0.3229731752440231
logistic,0.3,0.2,0.3236788778436362
logistic,0.3,0.35,0.32297535277840084
logistic,0.3,0.5,0.322520611015832
logistic,0.3,1.1,0.32251425987389665
logistic,0.32,0.05,0.312107849427881
logistic,0.32,0.1,0.3131195470004352
logistic,0.32,0.2,0.3138469947002935
logistic,0.32,0.35,0.3133546904697072
logistic,0.32,0.5,0.3129875944658457
logistic,0.32,1.1,0.31299394560778104
logistic,0.34,0.05,0.3018267280852654
logistic,0.34,0.1,0.3029237289174236
logistic,0.34,0.2,0.3037656786333158
logistic,0.34,0.35,0.30335847970466273
logistic,0.34,0.5,0.30309554242854053
logistic,0.34,1.1,0.3031018935704758
logistic,0.36,0.05,0.2920422989517171
logistic,0.36,0.1,0.2931355193422472
logistic,0.36,0.2,0.29403943805730837
logistic,0.36,0.35,0.293826584071876
logistic,0.36,0.5,0.2936652650667189
logistic,0.36,1.1,0.2936335093570423
logistic,0.38,0.05,0.28166794510006954
logistic,0.38,0.1,0.2829285606964827
logistic,0.38,0.2,0.28375312038088546
logistic,0.38,0.35,0.2836634785489983
logistic,0.38,0.5,0.2835872648457745
logistic,0.38,1.1,0.28358091370383914
logistic,0.4,0.05,0.2717252223138459
logistic,0.4,0.1,0.27300942786601873
logistic,0.4,0.2,0.273901491116134
logistic,0.4,0.35,0.27387917138876133
logistic,0.4,0.5,0.2738156599694081
logistic,0.4,1.1,0.27378390425973154
logistic,0.42,0.05,0.2623646796430687
logistic,0.42,0.1,0.2635730344144141
logistic,0.42,0.2,0.2647009972221269
logistic,0.42,0.35,0.264772674395397
logistic,0.42,0.5,0.2646837584083025
logistic,0.42,1.1,0.2646837584083025
logistic,0.44,0.05,0.252980515676694
logistic,0.44,0.1,0.2542780237305468
logistic,0.44,0.2,0.25535898808793833
logistic,0.44,0.35,0.255541175130883
logistic,0.44,0.5,0.25549036599540037
logistic,0.44,1.1,0.25549036599540037
logistic,0.46,0.05,0.24374180196697032
logistic,0.46,0.1,0.24505264741888735
logistic,0.46,0.2,0.24606338629259403
logistic,0.46,0.35,0.24630654429811766
logistic,0.46,0.5,0.24628749087231172
logistic,0.46,1.1,0.24628749087231172
logistic,0.48,0.05,0.23585663265732446
logistic,0.48,0.1,0.23714936223295927
logistic,0.48,0.2,0.23813868868528398
logistic,0.48,0.35,0.2384308412143087
logistic,0.48,0.5,0.23844989464011465
logistic,0.48,1.1,0.23844989464011465
logistic,0.5,0.05,0.22751728913518085
logistic,0.5,0.1,0.2288017622262998
logistic,0.5,0.2,0.2297880038382559
logistic,0.5,0.35,0.2300420495156687
logistic,0.5,0.5,0.23005475179953933
logistic,0.5,1.1,0.23005475179953933
lightgbm,0.1,0.05,0.35081231755248155
lightgbm,0.1,0.1,0.3507436666696458
lightgbm,0.1,0.2,0.34963555994550055
lightgbm,0.1,0.35,0.34710352187120197
lightgbm,0.1,0.5,0.34529105718052683
lightgbm,0.1,1.1,0.3440614761018489
lightgbm,0.12,0.05,0.3654203496317473
lightgbm,0.12,0.1,0.3652507611673242
lightgbm,0.12,0.2,0.36394730592362057
lightgbm,0.12,0.35,0.36145620659538985
lightgbm,0.12,0.5,0.35961455689534527
lightgbm,0.12,1.1,0.35874953136375465
lightgbm,0.14,0.05,0.3749361318058996
lightgbm,0.14,0.1,0.3746267730703315
lightgbm,0.14,0.2,0.37324015149469986
lightgbm,0.14,0.35,0.3707484692911054
lightgbm,0.14,0.5,0.36895282000479235
lightgbm,0.14,1.1,0.3682630859906166
lightgbm,0.16,0.05,0.38016265295370133
lightgbm,0.16,0.1,0.37983002348031414
lightgbm,0.16,0.2,0.37838876897145807
lightgbm,0.16,0.35,0.37644909998087833
lightgbm,0.16,0.5,0.37488753564018135
lightgbm,0.16,1.1,0.3742054229963279
lightgbm,0.18,0.05,0.38270181862237357
lightgbm,0.18,0.1,0.382379483358409
lightgbm,0.18,0.2,0.3812154017355209
lightgbm,0.18,0.35,0.3794302469551676
lightgbm,0.18,0.5,0.37821128135658155
lightgbm,0.18,1.1,0.37766508315014397
lightgbm,0.2,0.05,0.38321420918386917
lightgbm,0.2,0.1,0.3830963819654017
lightgbm,0.2,0.2,0.38212647461069144
lightgbm,0.2,0.35,0.3806024727380118
lightgbm,0.2,0.5,0.37949129509112806
lightgbm,0.2,1.1,0.37909752429113824
lightgbm,0.22,0.05,0.3809650837779859
lightgbm,0.22,0.1,0.3809057339110757
lightgbm,0.22,0.2,0.3801018772997348
lightgbm,0.22,0.35,0.37873338767387155
lightgbm,0.22,0.5,0.37764761459472906
lightgbm,0.22,1.1,0.37735546206570436
lightgbm,0.24,0.05,0.37722495806797046
lightgbm,0.24,0.1,0.37742204586699407
lightgbm,0.24,0.2,0.3766636150422574
lightgbm,0.24,0.35,0.37563872219509487
lightgbm,0.24,0.5,0.3747557320048872
lightgbm,0.24,1.1,0.3745270908952157
lightgbm,0.26,0.05,0.37205079772783434
lightgbm,0.26,0.1,0.37223830636363203
lightgbm,0.26,0.2,0.3718074817368619
lightgbm,0.26,0.35,0.37087767455753107
lightgbm,0.26,0.5,0.37000121697045696
lightgbm,0.26,1.1,0.369842438422074
lightgbm,0.28,0.05,0.365716999349461
lightgbm,0.28,0.1,0.366098588561932
lightgbm,0.28,0.2,0.3660230704599677
lightgbm,0.28,0.35,0.3651876231036759
lightgbm,0.28,0.5,0.3644216753862763
lightgbm,0.28,1.1,0.36428830140563456
lightgbm,0.3,0.05,0.35799482851604314
lightgbm,0.3,0.1,0.3586127453484253
lightgbm,0.3,0.2,0.3586682119879938
lightgbm,0.3,0.35,0.35788357376718455
lightgbm,0.3,0.5,0.35719002906784764
lightgbm,0.3,1.1,0.35715827335817096
lightgbm,0.32,0.05,0.34926493140760284
lightgbm,0.32,0.1,0.3500162139723904
lightgbm,0.32,0.2,0.35021379497364497
lightgbm,0.32,0.35,0.3496688669955945
lightgbm,0.32,0.5,0.34903883371561073
lightgbm,0.32,1.1,0.34901978028980485
lightgbm,0.34,0.05,0.3393355390598753
lightgbm,0.34,0.1,0.3402420001351497
lightgbm,0.34,0.2,0.34048168013437546
lightgbm,0.34,0.35,0.34018190623502836
lightgbm,0.34,0.5,0.33967508510858985
lightgbm,0.34,1.1,0.3396623828247192
lightgbm,0.36,0.05,0.32924096992411633
lightgbm,0.36,0.1,0.3304026864181246
lightgbm,0.36,0.2,0.33075574942266234
lightgbm,0.36,0.35,0.33085355700846625
lightgbm,0.36,0.5,0.3304165984433163
lightgbm,0.36,1.1,0.33042930072718685
lightgbm,0.38,0.05,0.3179009789586902
lightgbm,0.38,0.1,0.3191102382866143
lightgbm,0.38,0.2,0.3196415264312703
lightgbm,0.38,0.35,0.31972536150481656
lightgbm,0.38,0.5,0.3192972945383759
lightgbm,0.38,1.1,0.31930999682224664
lightgbm,0.4,0.05,0.3076269764005723
lightgbm,0.4,0.1,0.30893267410707786
lightgbm,0.4,0.2,0.30960677221467947
lightgbm,0.4,0.35,0.30986081789209224
lightgbm,0.4,0.5,0.30957882719016405
lightgbm,0.4,1.1,0.30959152947403473
lightgbm,0.42,0.05,0.2967452428826539
lightgbm,0.42,0.1,0.2981323341847669
lightgbm,0.42,0.2,0.29896233770511416
lightgbm,0.42,0.35,0.29929767799929907
lightgbm,0.42,0.5,0.29900552547027437
lightgbm,0.42,1.1,0.29900552547027437
lightgbm,0.44,0.05,0.28545619426663443
lightgbm,0.44,0.1,0.28697496591153976
lightgbm,0.44,0.2,0.2878998736385205
lightgbm,0.44,0.35,0.28829237421012327
lightgbm,0.44,0.5,0.2881018399520637
lightgbm,0.44,1.1,0.2881018399520637
lightgbm,0.46,0.05,0.2744333965272816
lightgbm,0.46,0.1,0.2758747172335212
lightgbm,0.46,0.2,0.27691086067496906
lightgbm,0.46,0.35,0.2773630619807638
lightgbm,0.46,0.5,0.27722333685818684
lightgbm,0.46,1.1,0.27722333685818684
lightgbm,0.48,0.05,0.2626663373282267
lightgbm,0.48,0.1,0.2640690021464086
lightgbm,0.48,0.2,0.26515468449495205
lightgbm,0.48,0.35,0.2655878323749409
lightgbm,0.48,0.5,0.2655751300910702
lightgbm,0.48,1.1,0.2655751300910702
lightgbm,0.5,0.05,0.2512473003800502
lightgbm,0.5,0.1,0.2525546980692024
lightgbm,0.5,0.2,0.25371405366419547
lightgbm,0.5,0.35,0.25413195880353956
lightgbm,0.5,0.5,0.25410655423579825
lightgbm,0.5,1.1,0.25410655423579825
